Wikipedia, the free encyclopedia; Main Page; /wiki/Gough_Whitlam
Gough Whitlam - Wikipedia; Gough Whitlam; /wiki/James_Scullin
James Scullin - Wikipedia; James Scullin; /wiki/Gough_Whitlam
Gough Whitlam - Wikipedia; Gough Whitlam; /wiki/Torres_Strait
Torres Strait - Wikipedia; Torres Strait; /wiki/Endeavour_Strait
Endeavour Strait - Wikipedia; Endeavour Strait; /wiki/Kaurareg
Kaurareg - Wikipedia; Kaurareg; /wiki/Mbara_people
Mbara people - Wikipedia; Mbara people; /wiki/Kokopera
Kokopera - Wikipedia; Kokopera; /wiki/Yirandhali
Yirandhali - Wikipedia; Yirandhali; /wiki/Lotiga
Luthigh - Wikipedia; Luthigh; /wiki/Djankun
Djankun - Wikipedia; Djankun; /wiki/Yugambeh_people
Yugambeh people - Wikipedia; Yugambeh people; /wiki/Bidia_people
Bidia people - Wikipedia; Bidia people; /wiki/Punthamara
Punthamara - Wikipedia; Punthamara; /wiki/Kombumerri_clan
Kombumerri clan - Wikipedia; Kombumerri clan; /wiki/Ankamuti
Ankamuti - Wikipedia; Ankamuti; /wiki/Injilarija
Injilarija - Wikipedia; Injilarija; /wiki/Yetimarala
Yetimarala - Wikipedia; Yetimarala; /wiki/Gabulbarra
Gabulbarra - Wikipedia; Gabulbarra; /wiki/Nyawagyi
Nyawigi - Wikipedia; Nyawigi; /wiki/Kokonyekodi
Guugu-Nyiguudyi - Wikipedia; Guugu-Nyiguudyi; /wiki/Main_Page
Wikipedia, the free encyclopedia; Main Page; /wiki/Philadelphia_Phillies
Philadelphia Phillies - Wikipedia; Philadelphia Phillies; /wiki/Chris_Short
Chris Short - Wikipedia; Chris Short; /wiki/Wilmington_Park
Wilmington Park - Wikipedia; Wilmington Park; /wiki/2016_Delaware_Fightin%27_Blue_Hens_football_team
2016 Delaware Fightin' Blue Hens football team - Wikipedia; 2016 Delaware Fightin' Blue Hens football team; /wiki/1974_Grantland_Rice_Bowl
1974 Grantland Rice Bowl - Wikipedia; 1974 Grantland Rice Bowl; /wiki/List_of_Delaware_Fightin%27_Blue_Hens_in_the_NFL_Draft
List of Delaware Fightin' Blue Hens in the NFL Draft - Wikipedia; List of Delaware Fightin' Blue Hens in the NFL Draft; /wiki/1995_Delaware_Fightin%27_Blue_Hens_football_team
1995 Delaware Fightin' Blue Hens football team - Wikipedia; 1995 Delaware Fightin' Blue Hens football team; /wiki/Meade_Stadium
Meade Stadium - Wikipedia; Meade Stadium; /wiki/Ivy_League
Ivy League - Wikipedia; Ivy League; /wiki/John_Adams
John Adams - Wikipedia; John Adams; /wiki/1852_United_States_presidential_election
1852 United States presidential election - Wikipedia; 1852 United States presidential election; /wiki/1852_United_States_House_of_Representatives_elections_in_Ohio
1852 and 1853 United States House of Representatives elections - Wikipedia; 1852 and 1853 United States House of Representatives elections; /wiki/Massachusetts%27s_2nd_congressional_district
Massachusetts's 2nd congressional district - Wikipedia; Massachusetts's 2nd congressional district; /wiki/45th_United_States_Congress
45th United States Congress - Wikipedia; 45th United States Congress; /wiki/Committee_of_the_Whole_(United_States_House_of_Representatives)
Committee of the Whole (United States House of Representatives) - Wikipedia; Committee of the Whole (United States House of Representatives); /wiki/International_Narcotics_Control_Caucus
United States Senate Caucus on International Narcotics Control - Wikipedia; United States Senate Caucus on International Narcotics Control; /wiki/Subpoena
Subpoena - Wikipedia; Subpoena; /wiki/Subpoena
Subpoena - Wikipedia; Subpoena; /wiki/Poena
Poena - Wikipedia; Poena; /wiki/Lyssa
Lyssa - Wikipedia; Lyssa; /wiki/Hermaphroditus
Hermaphroditus - Wikipedia; Hermaphroditus; /wiki/Sex_assignment
Sex assignment - Wikipedia; Sex assignment; /wiki/Discrimination_against_gay_men
Discrimination against gay men - Wikipedia; Discrimination against gay men; /wiki/Domestic_violence_in_same-sex_relationships
Domestic violence in same-sex relationships - Wikipedia; Domestic violence in same-sex relationships; /wiki/Domestic_violence_in_India
Domestic violence in India - Wikipedia; Domestic violence in India; /wiki/Witch_trials_in_the_early_modern_period
Witch trials in the early modern period - Wikipedia; Witch trials in the early modern period; /wiki/Virginia
Virginia - Wikipedia; Virginia; /wiki/ISBN_(identifier)
ISBN - Wikipedia; ISBN; /wiki/ISO_9660
ISO 9660 - Wikipedia; ISO 9660; /wiki/Lexical_Markup_Framework
Lexical Markup Framework - Wikipedia; Lexical Markup Framework; /wiki/ISO_5426
ISO 5426 - Wikipedia; ISO 5426; /wiki/GSM_03.38
GSM 03.38 - Wikipedia; GSM 03.38; /wiki/%3D
Equals sign - Wikipedia; Equals sign; /wiki/Slash_(punctuation)
Slash (punctuation) - Wikipedia; Slash (punctuation); /wiki/DOS
DOS - Wikipedia; DOS; /wiki/Extended_partition
Extended boot record - Wikipedia; Extended boot record; /wiki/BSD_disklabel
BSD disklabel - Wikipedia; BSD disklabel; /wiki/Partition_type#PID_A5h
Partition type - Wikipedia; Partition type; /wiki/GUID_Partition_Table
GUID Partition Table - Wikipedia; GUID Partition Table; /wiki/Windows_Server_2016
Windows Server 2016 - Wikipedia; Windows Server 2016; /wiki/List_of_Microsoft_Windows_components
List of Microsoft Windows components - Wikipedia; List of Microsoft Windows components; /wiki/Video
Video - Wikipedia; Video; /wiki/Component_video
Component video - Wikipedia; Component video; /wiki/YPbPr
YPbPr - Wikipedia; YPbPr; /wiki/Video#Analog_video
Video - Wikipedia; Video; /wiki/Lossless_compression
Lossless compression - Wikipedia; Lossless compression; /wiki/Canonical_Huffman_code
Canonical Huffman code - Wikipedia; Canonical Huffman code; /wiki/Motion_vector
Motion estimation - Wikipedia; Motion estimation; /wiki/H.264/MPEG-4_AVC
Advanced Video Coding - Wikipedia; Advanced Video Coding; /wiki/MPEG-2
MPEG-2 - Wikipedia; MPEG-2; /wiki/E_series_of_preferred_numbers
E series of preferred numbers - Wikipedia; E series of preferred numbers; /wiki/Electronic_component
Electronic component - Wikipedia; Electronic component; /wiki/Neon_lamp
Neon lamp - Wikipedia; Neon lamp; /wiki/Charactron
Charactron - Wikipedia; Charactron; /wiki/Audion
Audion - Wikipedia; Audion; /wiki/Nonode
